id,date,eventName,product_id,product_name,product_value,page_id,page_name,page_source,utm_source
1,"27.09.2022 14:56:58",page_view,,custom,0,1,"Hello world!",http://localhost:10004/,
2,"27.09.2022 14:56:58",Watchtime_5_Seconds,,custom,0,1,"Hello world!",http://localhost:10004/,
3,"27.09.2022 15:08:23",page_view,,custom,0,14,,http://localhost:10004/14-2/,
4,"27.09.2022 15:08:23",Watchtime_5_Seconds,,custom,0,14,,http://localhost:10004/14-2/,
5,"27.09.2022 15:08:45",page_view,,custom,0,14,,http://localhost:10004/14-2/,
6,"27.09.2022 15:08:45",Watchtime_5_Seconds,,custom,0,14,,http://localhost:10004/14-2/,
7,"13.10.2022 17:54:56",page_view,,custom,0,2,"Sample Page",http://localhost:10004/sample-page/,
8,"13.10.2022 17:54:56",Scrolldepth_45_Percent,,custom,0,2,"Sample Page",http://localhost:10004/sample-page/,
9,"13.10.2022 17:54:56",Watchtime_5_Seconds,,custom,0,2,"Sample Page",http://localhost:10004/sample-page/,
10,"13.10.2022 17:55:24",Scrolldepth_45_Percent,,custom,0,2,"Sample Page",http://localhost:10004/sample-page/,
11,"13.10.2022 17:55:24",page_view,,custom,0,2,"Sample Page",http://localhost:10004/sample-page/,
12,"13.10.2022 17:55:24",Watchtime_5_Seconds,,custom,0,2,"Sample Page",http://localhost:10004/sample-page/,
13,"13.10.2022 21:30:31",Watchtime_5_Seconds,abc,custom,0,2,"Sample Page",http://localhost:10004/sample-page/,defined
14,"13.10.2022 21:35:57",Watchtime_5_Seconds,abc,custom,0,2,"Sample Page",http://localhost:10004/sample-page/,defined
15,"13.10.2022 21:36:13",Watchtime_5_Seconds,abc,custom,0,2,"Sample Page",http://localhost:10004/sample-page/,defined
16,"13.10.2022 21:36:25",Watchtime_5_Seconds,abc,custom,0,2,"Sample Page",http://localhost:10004/sample-page/,defined
17,"13.10.2022 21:45:58",Watchtime_5_Seconds,abc,custom,0,2,"Sample Page",http://localhost:10004/sample-page/,defined
18,"13.10.2022 21:46:39",Watchtime_5_Seconds,abc,custom,0,2,"Sample Page",http://localhost:10004/sample-page/,
19,"13.10.2022 21:58:11",Watchtime_5_Seconds,abc,custom,0,2,"Sample Page",http://localhost:10004/sample-page/,
20,"13.10.2022 21:59:38",Watchtime_5_Seconds,abc,custom,0,2,"Sample Page",http://localhost:10004/sample-page/,
21,"13.10.2022 22:00:33",Watchtime_5_Seconds,abc,custom,0,2,"Sample Page",http://localhost:10004/sample-page/,
22,"13.10.2022 22:02:47",Watchtime_5_Seconds,abc,custom,0,2,"Sample Page",http://localhost:10004/sample-page/,
23,"13.10.2022 22:04:43",Watchtime_5_Seconds,abc,custom,0,2,"Sample Page",http://localhost:10004/sample-page/,
24,"13.10.2022 22:06:25",Watchtime_5_Seconds,abc,custom,0,2,"Sample Page",http://localhost:10004/sample-page/,
25,"13.10.2022 22:08:18",Watchtime_5_Seconds,abc,custom,0,2,"Sample Page",http://localhost:10004/sample-page/,def
26,"13.10.2022 22:08:43",Watchtime_5_Seconds,abc,custom,0,2,"Sample Page",http://localhost:10004/sample-page/,def
27,"13.10.2022 22:08:57",Watchtime_5_Seconds,abc,custom,0,2,"Sample Page",http://localhost:10004/sample-page/,def
28,"13.10.2022 22:16:18",Watchtime_5_Seconds,abc,custom,0,2,"Sample Page",http://localhost:10004/sample-page/,def
29,"13.10.2022 22:16:34",Scrolldepth_45_Percent,abc,custom,0,2,"Sample Page",http://localhost:10004/sample-page/,def
30,"13.10.2022 22:16:34",Scrolldepth_45_Percent,abc,custom,0,2,"Sample Page",http://localhost:10004/sample-page/,def
31,"13.10.2022 22:16:34",Scrolldepth_45_Percent,abc,custom,0,2,"Sample Page",http://localhost:10004/sample-page/,def
32,"13.10.2022 22:16:34",Scrolldepth_45_Percent,abc,custom,0,2,"Sample Page",http://localhost:10004/sample-page/,def
33,"13.10.2022 22:16:34",Scrolldepth_45_Percent,abc,custom,0,2,"Sample Page",http://localhost:10004/sample-page/,def
34,"13.10.2022 22:16:34",Scrolldepth_45_Percent,abc,custom,0,2,"Sample Page",http://localhost:10004/sample-page/,def
35,"13.10.2022 22:16:34",Scrolldepth_45_Percent,abc,custom,0,2,"Sample Page",http://localhost:10004/sample-page/,def
36,"13.10.2022 22:16:34",Scrolldepth_45_Percent,abc,custom,0,2,"Sample Page",http://localhost:10004/sample-page/,def
37,"13.10.2022 22:16:34",Scrolldepth_45_Percent,abc,custom,0,2,"Sample Page",http://localhost:10004/sample-page/,def
38,"13.10.2022 22:16:34",Scrolldepth_45_Percent,abc,custom,0,2,"Sample Page",http://localhost:10004/sample-page/,def
39,"13.10.2022 22:16:34",Scrolldepth_45_Percent,abc,custom,0,2,"Sample Page",http://localhost:10004/sample-page/,def
40,"13.10.2022 22:16:34",Scrolldepth_45_Percent,abc,custom,0,2,"Sample Page",http://localhost:10004/sample-page/,def
41,"13.10.2022 22:16:34",Scrolldepth_45_Percent,abc,custom,0,2,"Sample Page",http://localhost:10004/sample-page/,def
42,"13.10.2022 22:16:34",Scrolldepth_45_Percent,abc,custom,0,2,"Sample Page",http://localhost:10004/sample-page/,def
43,"13.10.2022 22:16:34",Scrolldepth_45_Percent,abc,custom,0,2,"Sample Page",http://localhost:10004/sample-page/,def
44,"13.10.2022 22:16:34",Scrolldepth_45_Percent,abc,custom,0,2,"Sample Page",http://localhost:10004/sample-page/,def
45,"13.10.2022 22:16:34",Scrolldepth_45_Percent,abc,custom,0,2,"Sample Page",http://localhost:10004/sample-page/,def
46,"13.10.2022 22:16:34",Scrolldepth_45_Percent,abc,custom,0,2,"Sample Page",http://localhost:10004/sample-page/,def
47,"13.10.2022 22:16:34",Scrolldepth_45_Percent,abc,custom,0,2,"Sample Page",http://localhost:10004/sample-page/,def
48,"13.10.2022 22:16:34",Scrolldepth_45_Percent,abc,custom,0,2,"Sample Page",http://localhost:10004/sample-page/,def
49,"13.10.2022 22:16:34",Scrolldepth_45_Percent,abc,custom,0,2,"Sample Page",http://localhost:10004/sample-page/,def
50,"13.10.2022 22:16:34",Scrolldepth_45_Percent,abc,custom,0,2,"Sample Page",http://localhost:10004/sample-page/,def
51,"13.10.2022 22:16:34",Scrolldepth_45_Percent,abc,custom,0,2,"Sample Page",http://localhost:10004/sample-page/,def
52,"13.10.2022 22:16:34",Scrolldepth_45_Percent,abc,custom,0,2,"Sample Page",http://localhost:10004/sample-page/,def
53,"13.10.2022 22:16:34",Scrolldepth_45_Percent,abc,custom,0,2,"Sample Page",http://localhost:10004/sample-page/,def
54,"13.10.2022 22:16:34",Scrolldepth_45_Percent,abc,custom,0,2,"Sample Page",http://localhost:10004/sample-page/,def
55,"13.10.2022 22:16:34",Scrolldepth_45_Percent,abc,custom,0,2,"Sample Page",http://localhost:10004/sample-page/,def
56,"13.10.2022 22:16:34",Scrolldepth_45_Percent,abc,custom,0,2,"Sample Page",http://localhost:10004/sample-page/,def
57,"13.10.2022 22:16:34",Scrolldepth_45_Percent,abc,custom,0,2,"Sample Page",http://localhost:10004/sample-page/,def
58,"13.10.2022 22:16:34",Scrolldepth_45_Percent,abc,custom,0,2,"Sample Page",http://localhost:10004/sample-page/,def
59,"13.10.2022 22:16:34",Scrolldepth_45_Percent,abc,custom,0,2,"Sample Page",http://localhost:10004/sample-page/,def
60,"13.10.2022 22:16:34",Scrolldepth_45_Percent,abc,custom,0,2,"Sample Page",http://localhost:10004/sample-page/,def
61,"13.10.2022 22:16:34",Scrolldepth_45_Percent,abc,custom,0,2,"Sample Page",http://localhost:10004/sample-page/,def
62,"13.10.2022 22:16:34",Scrolldepth_45_Percent,abc,custom,0,2,"Sample Page",http://localhost:10004/sample-page/,def
63,"13.10.2022 22:16:34",Scrolldepth_45_Percent,abc,custom,0,2,"Sample Page",http://localhost:10004/sample-page/,def
64,"13.10.2022 22:16:34",Scrolldepth_45_Percent,abc,custom,0,2,"Sample Page",http://localhost:10004/sample-page/,def
65,"13.10.2022 22:16:34",Scrolldepth_45_Percent,abc,custom,0,2,"Sample Page",http://localhost:10004/sample-page/,def
66,"13.10.2022 22:16:34",Scrolldepth_45_Percent,abc,custom,0,2,"Sample Page",http://localhost:10004/sample-page/,def
67,"13.10.2022 22:16:34",Scrolldepth_45_Percent,abc,custom,0,2,"Sample Page",http://localhost:10004/sample-page/,def
68,"13.10.2022 22:16:34",Scrolldepth_45_Percent,abc,custom,0,2,"Sample Page",http://localhost:10004/sample-page/,def
69,"13.10.2022 22:16:34",Scrolldepth_45_Percent,abc,custom,0,2,"Sample Page",http://localhost:10004/sample-page/,def
70,"13.10.2022 22:16:34",Scrolldepth_45_Percent,abc,custom,0,2,"Sample Page",http://localhost:10004/sample-page/,def
71,"13.10.2022 22:16:34",Scrolldepth_45_Percent,abc,custom,0,2,"Sample Page",http://localhost:10004/sample-page/,def
72,"13.10.2022 22:16:34",Scrolldepth_45_Percent,abc,custom,0,2,"Sample Page",http://localhost:10004/sample-page/,def
73,"13.10.2022 22:16:34",Scrolldepth_45_Percent,abc,custom,0,2,"Sample Page",http://localhost:10004/sample-page/,def
74,"13.10.2022 22:16:34",Scrolldepth_45_Percent,abc,custom,0,2,"Sample Page",http://localhost:10004/sample-page/,def
75,"13.10.2022 22:16:34",Scrolldepth_45_Percent,abc,custom,0,2,"Sample Page",http://localhost:10004/sample-page/,def
76,"13.10.2022 22:16:34",Scrolldepth_45_Percent,abc,custom,0,2,"Sample Page",http://localhost:10004/sample-page/,def
77,"13.10.2022 22:16:34",Scrolldepth_45_Percent,abc,custom,0,2,"Sample Page",http://localhost:10004/sample-page/,def
78,"13.10.2022 22:16:34",Scrolldepth_45_Percent,abc,custom,0,2,"Sample Page",http://localhost:10004/sample-page/,def
79,"13.10.2022 22:16:34",Scrolldepth_45_Percent,abc,custom,0,2,"Sample Page",http://localhost:10004/sample-page/,def
80,"13.10.2022 22:16:34",Scrolldepth_45_Percent,abc,custom,0,2,"Sample Page",http://localhost:10004/sample-page/,def
81,"13.10.2022 22:16:34",Scrolldepth_45_Percent,abc,custom,0,2,"Sample Page",http://localhost:10004/sample-page/,def
82,"13.10.2022 22:16:34",Scrolldepth_45_Percent,abc,custom,0,2,"Sample Page",http://localhost:10004/sample-page/,def
83,"13.10.2022 22:16:34",Scrolldepth_45_Percent,abc,custom,0,2,"Sample Page",http://localhost:10004/sample-page/,def
84,"13.10.2022 22:16:34",Scrolldepth_45_Percent,abc,custom,0,2,"Sample Page",http://localhost:10004/sample-page/,def
85,"13.10.2022 22:16:34",Scrolldepth_45_Percent,abc,custom,0,2,"Sample Page",http://localhost:10004/sample-page/,def
86,"13.10.2022 22:16:34",Scrolldepth_45_Percent,abc,custom,0,2,"Sample Page",http://localhost:10004/sample-page/,def
87,"13.10.2022 22:16:34",Scrolldepth_45_Percent,abc,custom,0,2,"Sample Page",http://localhost:10004/sample-page/,def
88,"13.10.2022 22:16:34",Scrolldepth_45_Percent,abc,custom,0,2,"Sample Page",http://localhost:10004/sample-page/,def
89,"13.10.2022 22:16:34",Scrolldepth_45_Percent,abc,custom,0,2,"Sample Page",http://localhost:10004/sample-page/,def
90,"13.10.2022 22:16:34",Scrolldepth_45_Percent,abc,custom,0,2,"Sample Page",http://localhost:10004/sample-page/,def
91,"13.10.2022 22:16:34",Scrolldepth_45_Percent,abc,custom,0,2,"Sample Page",http://localhost:10004/sample-page/,def
92,"13.10.2022 22:16:34",Watchtime_5_Seconds,abc,custom,0,2,"Sample Page",http://localhost:10004/sample-page/,def
256,"13.10.2022 22:16:57",Scrolldepth_45_Percent,abc,custom,0,2,"Sample Page",http://localhost:10004/sample-page/,def
257,"13.10.2022 22:16:57",Scrolldepth_45_Percent,abc,custom,0,2,"Sample Page",http://localhost:10004/sample-page/,def
258,"13.10.2022 22:16:57",Scrolldepth_45_Percent,abc,custom,0,2,"Sample Page",http://localhost:10004/sample-page/,def
259,"13.10.2022 22:16:57",Scrolldepth_45_Percent,abc,custom,0,2,"Sample Page",http://localhost:10004/sample-page/,def
260,"13.10.2022 22:16:57",Scrolldepth_45_Percent,abc,custom,0,2,"Sample Page",http://localhost:10004/sample-page/,def
261,"13.10.2022 22:16:57",Scrolldepth_45_Percent,abc,custom,0,2,"Sample Page",http://localhost:10004/sample-page/,def
262,"13.10.2022 22:16:57",Scrolldepth_45_Percent,abc,custom,0,2,"Sample Page",http://localhost:10004/sample-page/,def
263,"13.10.2022 22:16:57",Scrolldepth_45_Percent,abc,custom,0,2,"Sample Page",http://localhost:10004/sample-page/,def
264,"13.10.2022 22:16:57",Scrolldepth_45_Percent,abc,custom,0,2,"Sample Page",http://localhost:10004/sample-page/,def
265,"13.10.2022 22:16:57",Scrolldepth_45_Percent,abc,custom,0,2,"Sample Page",http://localhost:10004/sample-page/,def
266,"13.10.2022 22:16:57",Scrolldepth_45_Percent,abc,custom,0,2,"Sample Page",http://localhost:10004/sample-page/,def
267,"13.10.2022 22:16:57",Scrolldepth_45_Percent,abc,custom,0,2,"Sample Page",http://localhost:10004/sample-page/,def
268,"13.10.2022 22:16:57",Scrolldepth_45_Percent,abc,custom,0,2,"Sample Page",http://localhost:10004/sample-page/,def
269,"13.10.2022 22:16:57",Scrolldepth_45_Percent,abc,custom,0,2,"Sample Page",http://localhost:10004/sample-page/,def
270,"13.10.2022 22:16:57",Scrolldepth_45_Percent,abc,custom,0,2,"Sample Page",http://localhost:10004/sample-page/,def
93,"13.10.2022 22:16:57",Scrolldepth_45_Percent,abc,custom,0,2,"Sample Page",http://localhost:10004/sample-page/,def
94,"13.10.2022 22:16:57",Scrolldepth_45_Percent,abc,custom,0,2,"Sample Page",http://localhost:10004/sample-page/,def
95,"13.10.2022 22:16:57",Scrolldepth_45_Percent,abc,custom,0,2,"Sample Page",http://localhost:10004/sample-page/,def
96,"13.10.2022 22:16:57",Scrolldepth_45_Percent,abc,custom,0,2,"Sample Page",http://localhost:10004/sample-page/,def
97,"13.10.2022 22:16:57",Scrolldepth_45_Percent,abc,custom,0,2,"Sample Page",http://localhost:10004/sample-page/,def
98,"13.10.2022 22:16:57",Scrolldepth_45_Percent,abc,custom,0,2,"Sample Page",http://localhost:10004/sample-page/,def
99,"13.10.2022 22:16:57",Scrolldepth_45_Percent,abc,custom,0,2,"Sample Page",http://localhost:10004/sample-page/,def
100,"13.10.2022 22:16:57",Scrolldepth_45_Percent,abc,custom,0,2,"Sample Page",http://localhost:10004/sample-page/,def
101,"13.10.2022 22:16:57",Scrolldepth_45_Percent,abc,custom,0,2,"Sample Page",http://localhost:10004/sample-page/,def
102,"13.10.2022 22:16:57",Scrolldepth_45_Percent,abc,custom,0,2,"Sample Page",http://localhost:10004/sample-page/,def
103,"13.10.2022 22:16:57",Scrolldepth_45_Percent,abc,custom,0,2,"Sample Page",http://localhost:10004/sample-page/,def
104,"13.10.2022 22:16:57",Scrolldepth_45_Percent,abc,custom,0,2,"Sample Page",http://localhost:10004/sample-page/,def
105,"13.10.2022 22:16:57",Scrolldepth_45_Percent,abc,custom,0,2,"Sample Page",http://localhost:10004/sample-page/,def
106,"13.10.2022 22:16:57",Scrolldepth_45_Percent,abc,custom,0,2,"Sample Page",http://localhost:10004/sample-page/,def
107,"13.10.2022 22:16:57",Scrolldepth_45_Percent,abc,custom,0,2,"Sample Page",http://localhost:10004/sample-page/,def
108,"13.10.2022 22:16:57",Scrolldepth_45_Percent,abc,custom,0,2,"Sample Page",http://localhost:10004/sample-page/,def
109,"13.10.2022 22:16:57",Scrolldepth_45_Percent,abc,custom,0,2,"Sample Page",http://localhost:10004/sample-page/,def
110,"13.10.2022 22:16:57",Scrolldepth_45_Percent,abc,custom,0,2,"Sample Page",http://localhost:10004/sample-page/,def
111,"13.10.2022 22:16:57",Scrolldepth_45_Percent,abc,custom,0,2,"Sample Page",http://localhost:10004/sample-page/,def
112,"13.10.2022 22:16:57",Scrolldepth_45_Percent,abc,custom,0,2,"Sample Page",http://localhost:10004/sample-page/,def
113,"13.10.2022 22:16:57",Scrolldepth_45_Percent,abc,custom,0,2,"Sample Page",http://localhost:10004/sample-page/,def
114,"13.10.2022 22:16:57",Scrolldepth_45_Percent,abc,custom,0,2,"Sample Page",http://localhost:10004/sample-page/,def
115,"13.10.2022 22:16:57",Scrolldepth_45_Percent,abc,custom,0,2,"Sample Page",http://localhost:10004/sample-page/,def
116,"13.10.2022 22:16:57",Scrolldepth_45_Percent,abc,custom,0,2,"Sample Page",http://localhost:10004/sample-page/,def
117,"13.10.2022 22:16:57",Scrolldepth_45_Percent,abc,custom,0,2,"Sample Page",http://localhost:10004/sample-page/,def
118,"13.10.2022 22:16:57",Scrolldepth_45_Percent,abc,custom,0,2,"Sample Page",http://localhost:10004/sample-page/,def
119,"13.10.2022 22:16:57",Scrolldepth_45_Percent,abc,custom,0,2,"Sample Page",http://localhost:10004/sample-page/,def
120,"13.10.2022 22:16:57",Scrolldepth_45_Percent,abc,custom,0,2,"Sample Page",http://localhost:10004/sample-page/,def
121,"13.10.2022 22:16:57",Scrolldepth_45_Percent,abc,custom,0,2,"Sample Page",http://localhost:10004/sample-page/,def
122,"13.10.2022 22:16:57",Scrolldepth_45_Percent,abc,custom,0,2,"Sample Page",http://localhost:10004/sample-page/,def
123,"13.10.2022 22:16:57",Scrolldepth_45_Percent,abc,custom,0,2,"Sample Page",http://localhost:10004/sample-page/,def
124,"13.10.2022 22:16:57",Watchtime_5_Seconds,abc,custom,0,2,"Sample Page",http://localhost:10004/sample-page/,def
125,"13.10.2022 22:16:57",Scrolldepth_45_Percent,abc,custom,0,2,"Sample Page",http://localhost:10004/sample-page/,def
126,"13.10.2022 22:16:57",Scrolldepth_45_Percent,abc,custom,0,2,"Sample Page",http://localhost:10004/sample-page/,def
127,"13.10.2022 22:16:57",Scrolldepth_45_Percent,abc,custom,0,2,"Sample Page",http://localhost:10004/sample-page/,def
128,"13.10.2022 22:16:57",Scrolldepth_45_Percent,abc,custom,0,2,"Sample Page",http://localhost:10004/sample-page/,def
129,"13.10.2022 22:16:57",Scrolldepth_45_Percent,abc,custom,0,2,"Sample Page",http://localhost:10004/sample-page/,def
130,"13.10.2022 22:16:57",Scrolldepth_45_Percent,abc,custom,0,2,"Sample Page",http://localhost:10004/sample-page/,def
131,"13.10.2022 22:16:57",Scrolldepth_45_Percent,abc,custom,0,2,"Sample Page",http://localhost:10004/sample-page/,def
132,"13.10.2022 22:16:57",Scrolldepth_45_Percent,abc,custom,0,2,"Sample Page",http://localhost:10004/sample-page/,def
133,"13.10.2022 22:16:57",Scrolldepth_45_Percent,abc,custom,0,2,"Sample Page",http://localhost:10004/sample-page/,def
134,"13.10.2022 22:16:57",Scrolldepth_45_Percent,abc,custom,0,2,"Sample Page",http://localhost:10004/sample-page/,def
135,"13.10.2022 22:16:57",Scrolldepth_45_Percent,abc,custom,0,2,"Sample Page",http://localhost:10004/sample-page/,def
136,"13.10.2022 22:16:57",Scrolldepth_45_Percent,abc,custom,0,2,"Sample Page",http://localhost:10004/sample-page/,def
137,"13.10.2022 22:16:57",Scrolldepth_45_Percent,abc,custom,0,2,"Sample Page",http://localhost:10004/sample-page/,def
138,"13.10.2022 22:16:57",Scrolldepth_45_Percent,abc,custom,0,2,"Sample Page",http://localhost:10004/sample-page/,def
139,"13.10.2022 22:16:57",Scrolldepth_45_Percent,abc,custom,0,2,"Sample Page",http://localhost:10004/sample-page/,def
140,"13.10.2022 22:16:57",Scrolldepth_45_Percent,abc,custom,0,2,"Sample Page",http://localhost:10004/sample-page/,def
141,"13.10.2022 22:16:57",Scrolldepth_45_Percent,abc,custom,0,2,"Sample Page",http://localhost:10004/sample-page/,def
142,"13.10.2022 22:16:57",Scrolldepth_45_Percent,abc,custom,0,2,"Sample Page",http://localhost:10004/sample-page/,def
143,"13.10.2022 22:16:57",Scrolldepth_45_Percent,abc,custom,0,2,"Sample Page",http://localhost:10004/sample-page/,def
144,"13.10.2022 22:16:57",Scrolldepth_45_Percent,abc,custom,0,2,"Sample Page",http://localhost:10004/sample-page/,def
145,"13.10.2022 22:16:57",Scrolldepth_45_Percent,abc,custom,0,2,"Sample Page",http://localhost:10004/sample-page/,def
146,"13.10.2022 22:16:57",Scrolldepth_45_Percent,abc,custom,0,2,"Sample Page",http://localhost:10004/sample-page/,def
147,"13.10.2022 22:16:57",Scrolldepth_45_Percent,abc,custom,0,2,"Sample Page",http://localhost:10004/sample-page/,def
148,"13.10.2022 22:16:57",Scrolldepth_45_Percent,abc,custom,0,2,"Sample Page",http://localhost:10004/sample-page/,def
149,"13.10.2022 22:16:57",Scrolldepth_45_Percent,abc,custom,0,2,"Sample Page",http://localhost:10004/sample-page/,def
150,"13.10.2022 22:16:57",Scrolldepth_45_Percent,abc,custom,0,2,"Sample Page",http://localhost:10004/sample-page/,def
151,"13.10.2022 22:16:57",Scrolldepth_45_Percent,abc,custom,0,2,"Sample Page",http://localhost:10004/sample-page/,def
152,"13.10.2022 22:16:57",Scrolldepth_45_Percent,abc,custom,0,2,"Sample Page",http://localhost:10004/sample-page/,def
153,"13.10.2022 22:16:57",Scrolldepth_45_Percent,abc,custom,0,2,"Sample Page",http://localhost:10004/sample-page/,def
154,"13.10.2022 22:16:57",Scrolldepth_45_Percent,abc,custom,0,2,"Sample Page",http://localhost:10004/sample-page/,def
155,"13.10.2022 22:16:57",Scrolldepth_45_Percent,abc,custom,0,2,"Sample Page",http://localhost:10004/sample-page/,def
156,"13.10.2022 22:16:57",Scrolldepth_45_Percent,abc,custom,0,2,"Sample Page",http://localhost:10004/sample-page/,def
157,"13.10.2022 22:16:57",Scrolldepth_45_Percent,abc,custom,0,2,"Sample Page",http://localhost:10004/sample-page/,def
158,"13.10.2022 22:16:57",Scrolldepth_45_Percent,abc,custom,0,2,"Sample Page",http://localhost:10004/sample-page/,def
159,"13.10.2022 22:16:57",Scrolldepth_45_Percent,abc,custom,0,2,"Sample Page",http://localhost:10004/sample-page/,def
160,"13.10.2022 22:16:57",Scrolldepth_45_Percent,abc,custom,0,2,"Sample Page",http://localhost:10004/sample-page/,def
161,"13.10.2022 22:16:57",Scrolldepth_45_Percent,abc,custom,0,2,"Sample Page",http://localhost:10004/sample-page/,def
162,"13.10.2022 22:16:57",Scrolldepth_45_Percent,abc,custom,0,2,"Sample Page",http://localhost:10004/sample-page/,def
163,"13.10.2022 22:16:57",Scrolldepth_45_Percent,abc,custom,0,2,"Sample Page",http://localhost:10004/sample-page/,def
164,"13.10.2022 22:16:57",Scrolldepth_45_Percent,abc,custom,0,2,"Sample Page",http://localhost:10004/sample-page/,def
165,"13.10.2022 22:16:57",Scrolldepth_45_Percent,abc,custom,0,2,"Sample Page",http://localhost:10004/sample-page/,def
166,"13.10.2022 22:16:57",Scrolldepth_45_Percent,abc,custom,0,2,"Sample Page",http://localhost:10004/sample-page/,def
167,"13.10.2022 22:16:57",Scrolldepth_45_Percent,abc,custom,0,2,"Sample Page",http://localhost:10004/sample-page/,def
168,"13.10.2022 22:16:57",Scrolldepth_45_Percent,abc,custom,0,2,"Sample Page",http://localhost:10004/sample-page/,def
169,"13.10.2022 22:16:57",Scrolldepth_45_Percent,abc,custom,0,2,"Sample Page",http://localhost:10004/sample-page/,def
170,"13.10.2022 22:16:57",Scrolldepth_45_Percent,abc,custom,0,2,"Sample Page",http://localhost:10004/sample-page/,def
171,"13.10.2022 22:16:57",Scrolldepth_45_Percent,abc,custom,0,2,"Sample Page",http://localhost:10004/sample-page/,def
172,"13.10.2022 22:16:57",Scrolldepth_45_Percent,abc,custom,0,2,"Sample Page",http://localhost:10004/sample-page/,def
173,"13.10.2022 22:16:57",Scrolldepth_45_Percent,abc,custom,0,2,"Sample Page",http://localhost:10004/sample-page/,def
174,"13.10.2022 22:16:57",Scrolldepth_45_Percent,abc,custom,0,2,"Sample Page",http://localhost:10004/sample-page/,def
175,"13.10.2022 22:16:57",Scrolldepth_45_Percent,abc,custom,0,2,"Sample Page",http://localhost:10004/sample-page/,def
176,"13.10.2022 22:16:57",Scrolldepth_45_Percent,abc,custom,0,2,"Sample Page",http://localhost:10004/sample-page/,def
177,"13.10.2022 22:16:57",Scrolldepth_45_Percent,abc,custom,0,2,"Sample Page",http://localhost:10004/sample-page/,def
178,"13.10.2022 22:16:57",Scrolldepth_45_Percent,abc,custom,0,2,"Sample Page",http://localhost:10004/sample-page/,def
179,"13.10.2022 22:16:57",Scrolldepth_45_Percent,abc,custom,0,2,"Sample Page",http://localhost:10004/sample-page/,def
180,"13.10.2022 22:16:57",Scrolldepth_45_Percent,abc,custom,0,2,"Sample Page",http://localhost:10004/sample-page/,def
181,"13.10.2022 22:16:57",Scrolldepth_45_Percent,abc,custom,0,2,"Sample Page",http://localhost:10004/sample-page/,def
182,"13.10.2022 22:16:57",Scrolldepth_45_Percent,abc,custom,0,2,"Sample Page",http://localhost:10004/sample-page/,def
183,"13.10.2022 22:16:57",Scrolldepth_45_Percent,abc,custom,0,2,"Sample Page",http://localhost:10004/sample-page/,def
184,"13.10.2022 22:16:57",Scrolldepth_45_Percent,abc,custom,0,2,"Sample Page",http://localhost:10004/sample-page/,def
185,"13.10.2022 22:16:57",Scrolldepth_45_Percent,abc,custom,0,2,"Sample Page",http://localhost:10004/sample-page/,def
186,"13.10.2022 22:16:57",Scrolldepth_45_Percent,abc,custom,0,2,"Sample Page",http://localhost:10004/sample-page/,def
187,"13.10.2022 22:16:57",Scrolldepth_45_Percent,abc,custom,0,2,"Sample Page",http://localhost:10004/sample-page/,def
188,"13.10.2022 22:16:57",Scrolldepth_45_Percent,abc,custom,0,2,"Sample Page",http://localhost:10004/sample-page/,def
189,"13.10.2022 22:16:57",Scrolldepth_45_Percent,abc,custom,0,2,"Sample Page",http://localhost:10004/sample-page/,def
190,"13.10.2022 22:16:57",Scrolldepth_45_Percent,abc,custom,0,2,"Sample Page",http://localhost:10004/sample-page/,def
191,"13.10.2022 22:16:57",Scrolldepth_45_Percent,abc,custom,0,2,"Sample Page",http://localhost:10004/sample-page/,def
192,"13.10.2022 22:16:57",Scrolldepth_45_Percent,abc,custom,0,2,"Sample Page",http://localhost:10004/sample-page/,def
193,"13.10.2022 22:16:57",Scrolldepth_45_Percent,abc,custom,0,2,"Sample Page",http://localhost:10004/sample-page/,def
194,"13.10.2022 22:16:57",Scrolldepth_45_Percent,abc,custom,0,2,"Sample Page",http://localhost:10004/sample-page/,def
195,"13.10.2022 22:16:57",Scrolldepth_45_Percent,abc,custom,0,2,"Sample Page",http://localhost:10004/sample-page/,def
196,"13.10.2022 22:16:57",Scrolldepth_45_Percent,abc,custom,0,2,"Sample Page",http://localhost:10004/sample-page/,def
197,"13.10.2022 22:16:57",Scrolldepth_45_Percent,abc,custom,0,2,"Sample Page",http://localhost:10004/sample-page/,def
198,"13.10.2022 22:16:57",Scrolldepth_45_Percent,abc,custom,0,2,"Sample Page",http://localhost:10004/sample-page/,def
199,"13.10.2022 22:16:57",Scrolldepth_45_Percent,abc,custom,0,2,"Sample Page",http://localhost:10004/sample-page/,def
200,"13.10.2022 22:16:57",Scrolldepth_45_Percent,abc,custom,0,2,"Sample Page",http://localhost:10004/sample-page/,def
201,"13.10.2022 22:16:57",Scrolldepth_45_Percent,abc,custom,0,2,"Sample Page",http://localhost:10004/sample-page/,def
202,"13.10.2022 22:16:57",Scrolldepth_45_Percent,abc,custom,0,2,"Sample Page",http://localhost:10004/sample-page/,def
203,"13.10.2022 22:16:57",Scrolldepth_45_Percent,abc,custom,0,2,"Sample Page",http://localhost:10004/sample-page/,def
204,"13.10.2022 22:16:57",Scrolldepth_45_Percent,abc,custom,0,2,"Sample Page",http://localhost:10004/sample-page/,def
205,"13.10.2022 22:16:57",Scrolldepth_45_Percent,abc,custom,0,2,"Sample Page",http://localhost:10004/sample-page/,def
206,"13.10.2022 22:16:57",Scrolldepth_45_Percent,abc,custom,0,2,"Sample Page",http://localhost:10004/sample-page/,def
207,"13.10.2022 22:16:57",Scrolldepth_45_Percent,abc,custom,0,2,"Sample Page",http://localhost:10004/sample-page/,def
208,"13.10.2022 22:16:57",Scrolldepth_45_Percent,abc,custom,0,2,"Sample Page",http://localhost:10004/sample-page/,def
209,"13.10.2022 22:16:57",Scrolldepth_45_Percent,abc,custom,0,2,"Sample Page",http://localhost:10004/sample-page/,def
210,"13.10.2022 22:16:57",Scrolldepth_45_Percent,abc,custom,0,2,"Sample Page",http://localhost:10004/sample-page/,def
211,"13.10.2022 22:16:57",Scrolldepth_45_Percent,abc,custom,0,2,"Sample Page",http://localhost:10004/sample-page/,def
212,"13.10.2022 22:16:57",Scrolldepth_45_Percent,abc,custom,0,2,"Sample Page",http://localhost:10004/sample-page/,def
213,"13.10.2022 22:16:57",Scrolldepth_45_Percent,abc,custom,0,2,"Sample Page",http://localhost:10004/sample-page/,def
214,"13.10.2022 22:16:57",Scrolldepth_45_Percent,abc,custom,0,2,"Sample Page",http://localhost:10004/sample-page/,def
215,"13.10.2022 22:16:57",Scrolldepth_45_Percent,abc,custom,0,2,"Sample Page",http://localhost:10004/sample-page/,def
216,"13.10.2022 22:16:57",Scrolldepth_45_Percent,abc,custom,0,2,"Sample Page",http://localhost:10004/sample-page/,def
217,"13.10.2022 22:16:57",Scrolldepth_45_Percent,abc,custom,0,2,"Sample Page",http://localhost:10004/sample-page/,def
218,"13.10.2022 22:16:57",Scrolldepth_45_Percent,abc,custom,0,2,"Sample Page",http://localhost:10004/sample-page/,def
219,"13.10.2022 22:16:57",Scrolldepth_45_Percent,abc,custom,0,2,"Sample Page",http://localhost:10004/sample-page/,def
220,"13.10.2022 22:16:57",Scrolldepth_45_Percent,abc,custom,0,2,"Sample Page",http://localhost:10004/sample-page/,def
221,"13.10.2022 22:16:57",Scrolldepth_45_Percent,abc,custom,0,2,"Sample Page",http://localhost:10004/sample-page/,def
222,"13.10.2022 22:16:57",Scrolldepth_45_Percent,abc,custom,0,2,"Sample Page",http://localhost:10004/sample-page/,def
223,"13.10.2022 22:16:57",Scrolldepth_45_Percent,abc,custom,0,2,"Sample Page",http://localhost:10004/sample-page/,def
224,"13.10.2022 22:16:57",Scrolldepth_45_Percent,abc,custom,0,2,"Sample Page",http://localhost:10004/sample-page/,def
225,"13.10.2022 22:16:57",Scrolldepth_45_Percent,abc,custom,0,2,"Sample Page",http://localhost:10004/sample-page/,def
226,"13.10.2022 22:16:57",Scrolldepth_45_Percent,abc,custom,0,2,"Sample Page",http://localhost:10004/sample-page/,def
227,"13.10.2022 22:16:57",Scrolldepth_45_Percent,abc,custom,0,2,"Sample Page",http://localhost:10004/sample-page/,def
228,"13.10.2022 22:16:57",Scrolldepth_45_Percent,abc,custom,0,2,"Sample Page",http://localhost:10004/sample-page/,def
229,"13.10.2022 22:16:57",Scrolldepth_45_Percent,abc,custom,0,2,"Sample Page",http://localhost:10004/sample-page/,def
230,"13.10.2022 22:16:57",Scrolldepth_45_Percent,abc,custom,0,2,"Sample Page",http://localhost:10004/sample-page/,def
231,"13.10.2022 22:16:57",Scrolldepth_45_Percent,abc,custom,0,2,"Sample Page",http://localhost:10004/sample-page/,def
232,"13.10.2022 22:16:57",Scrolldepth_45_Percent,abc,custom,0,2,"Sample Page",http://localhost:10004/sample-page/,def
233,"13.10.2022 22:16:57",Scrolldepth_45_Percent,abc,custom,0,2,"Sample Page",http://localhost:10004/sample-page/,def
234,"13.10.2022 22:16:57",Scrolldepth_45_Percent,abc,custom,0,2,"Sample Page",http://localhost:10004/sample-page/,def
235,"13.10.2022 22:16:57",Scrolldepth_45_Percent,abc,custom,0,2,"Sample Page",http://localhost:10004/sample-page/,def
236,"13.10.2022 22:16:57",Scrolldepth_45_Percent,abc,custom,0,2,"Sample Page",http://localhost:10004/sample-page/,def
237,"13.10.2022 22:16:57",Scrolldepth_45_Percent,abc,custom,0,2,"Sample Page",http://localhost:10004/sample-page/,def
238,"13.10.2022 22:16:57",Scrolldepth_45_Percent,abc,custom,0,2,"Sample Page",http://localhost:10004/sample-page/,def
239,"13.10.2022 22:16:57",Scrolldepth_45_Percent,abc,custom,0,2,"Sample Page",http://localhost:10004/sample-page/,def
240,"13.10.2022 22:16:57",Scrolldepth_45_Percent,abc,custom,0,2,"Sample Page",http://localhost:10004/sample-page/,def
241,"13.10.2022 22:16:57",Scrolldepth_45_Percent,abc,custom,0,2,"Sample Page",http://localhost:10004/sample-page/,def
242,"13.10.2022 22:16:57",Scrolldepth_45_Percent,abc,custom,0,2,"Sample Page",http://localhost:10004/sample-page/,def
243,"13.10.2022 22:16:57",Scrolldepth_45_Percent,abc,custom,0,2,"Sample Page",http://localhost:10004/sample-page/,def
244,"13.10.2022 22:16:57",Scrolldepth_45_Percent,abc,custom,0,2,"Sample Page",http://localhost:10004/sample-page/,def
245,"13.10.2022 22:16:57",Scrolldepth_45_Percent,abc,custom,0,2,"Sample Page",http://localhost:10004/sample-page/,def
246,"13.10.2022 22:16:57",Scrolldepth_45_Percent,abc,custom,0,2,"Sample Page",http://localhost:10004/sample-page/,def
247,"13.10.2022 22:16:57",Scrolldepth_45_Percent,abc,custom,0,2,"Sample Page",http://localhost:10004/sample-page/,def
248,"13.10.2022 22:16:57",Scrolldepth_45_Percent,abc,custom,0,2,"Sample Page",http://localhost:10004/sample-page/,def
249,"13.10.2022 22:16:57",Scrolldepth_45_Percent,abc,custom,0,2,"Sample Page",http://localhost:10004/sample-page/,def
250,"13.10.2022 22:16:57",Scrolldepth_45_Percent,abc,custom,0,2,"Sample Page",http://localhost:10004/sample-page/,def
251,"13.10.2022 22:16:57",Scrolldepth_45_Percent,abc,custom,0,2,"Sample Page",http://localhost:10004/sample-page/,def
252,"13.10.2022 22:16:57",Scrolldepth_45_Percent,abc,custom,0,2,"Sample Page",http://localhost:10004/sample-page/,def
253,"13.10.2022 22:16:57",Scrolldepth_45_Percent,abc,custom,0,2,"Sample Page",http://localhost:10004/sample-page/,def
254,"13.10.2022 22:16:57",Scrolldepth_45_Percent,abc,custom,0,2,"Sample Page",http://localhost:10004/sample-page/,def
255,"13.10.2022 22:16:57",Scrolldepth_45_Percent,abc,custom,0,2,"Sample Page",http://localhost:10004/sample-page/,def
271,"13.10.2022 22:20:41",Watchtime_5_Seconds,abc,custom,0,2,"Sample Page",http://localhost:10004/sample-page/,def
272,"13.10.2022 22:20:41",Scrolldepth_45_Percent,abc,custom,0,2,"Sample Page",http://localhost:10004/sample-page/,def
273,"13.10.2022 22:20:41",Scrolldepth_45_Percent,abc,custom,0,2,"Sample Page",http://localhost:10004/sample-page/,def
274,"13.10.2022 22:20:41",Scrolldepth_45_Percent,abc,custom,0,2,"Sample Page",http://localhost:10004/sample-page/,def
275,"13.10.2022 22:20:41",Scrolldepth_45_Percent,abc,custom,0,2,"Sample Page",http://localhost:10004/sample-page/,def
276,"13.10.2022 22:20:41",Scrolldepth_45_Percent,abc,custom,0,2,"Sample Page",http://localhost:10004/sample-page/,def
277,"13.10.2022 22:20:41",Scrolldepth_45_Percent,abc,custom,0,2,"Sample Page",http://localhost:10004/sample-page/,def
278,"13.10.2022 22:20:41",Scrolldepth_45_Percent,abc,custom,0,2,"Sample Page",http://localhost:10004/sample-page/,def
279,"13.10.2022 22:20:41",Scrolldepth_45_Percent,abc,custom,0,2,"Sample Page",http://localhost:10004/sample-page/,def
280,"13.10.2022 22:20:41",Scrolldepth_45_Percent,abc,custom,0,2,"Sample Page",http://localhost:10004/sample-page/,def
281,"13.10.2022 22:20:41",Scrolldepth_45_Percent,abc,custom,0,2,"Sample Page",http://localhost:10004/sample-page/,def
282,"13.10.2022 22:20:41",Scrolldepth_45_Percent,abc,custom,0,2,"Sample Page",http://localhost:10004/sample-page/,def
283,"13.10.2022 22:20:41",Scrolldepth_45_Percent,abc,custom,0,2,"Sample Page",http://localhost:10004/sample-page/,def
284,"13.10.2022 22:20:41",Scrolldepth_45_Percent,abc,custom,0,2,"Sample Page",http://localhost:10004/sample-page/,def
285,"13.10.2022 22:20:41",Scrolldepth_45_Percent,abc,custom,0,2,"Sample Page",http://localhost:10004/sample-page/,def
286,"13.10.2022 22:20:41",Scrolldepth_45_Percent,abc,custom,0,2,"Sample Page",http://localhost:10004/sample-page/,def
287,"13.10.2022 22:20:41",Scrolldepth_45_Percent,abc,custom,0,2,"Sample Page",http://localhost:10004/sample-page/,def
288,"13.10.2022 22:20:41",Scrolldepth_45_Percent,abc,custom,0,2,"Sample Page",http://localhost:10004/sample-page/,def
289,"13.10.2022 22:20:41",Scrolldepth_45_Percent,abc,custom,0,2,"Sample Page",http://localhost:10004/sample-page/,def
290,"13.10.2022 22:20:41",Scrolldepth_45_Percent,abc,custom,0,2,"Sample Page",http://localhost:10004/sample-page/,def
291,"13.10.2022 22:20:41",Scrolldepth_45_Percent,abc,custom,0,2,"Sample Page",http://localhost:10004/sample-page/,def
292,"13.10.2022 22:20:41",Scrolldepth_45_Percent,abc,custom,0,2,"Sample Page",http://localhost:10004/sample-page/,def
293,"13.10.2022 22:20:41",Scrolldepth_45_Percent,abc,custom,0,2,"Sample Page",http://localhost:10004/sample-page/,def
294,"13.10.2022 22:20:41",Scrolldepth_45_Percent,abc,custom,0,2,"Sample Page",http://localhost:10004/sample-page/,def
295,"13.10.2022 22:20:41",Scrolldepth_45_Percent,abc,custom,0,2,"Sample Page",http://localhost:10004/sample-page/,def
296,"13.10.2022 22:20:41",Scrolldepth_45_Percent,abc,custom,0,2,"Sample Page",http://localhost:10004/sample-page/,def
297,"13.10.2022 22:20:41",Scrolldepth_45_Percent,abc,custom,0,2,"Sample Page",http://localhost:10004/sample-page/,def
298,"13.10.2022 22:21:13",Scrolldepth_45_Percent,abc,custom,0,2,"Sample Page",http://localhost:10004/sample-page/,def
299,"13.10.2022 22:21:13",Scrolldepth_45_Percent,abc,custom,0,2,"Sample Page",http://localhost:10004/sample-page/,def
300,"13.10.2022 22:21:13",Scrolldepth_45_Percent,abc,custom,0,2,"Sample Page",http://localhost:10004/sample-page/,def
301,"13.10.2022 22:21:13",Scrolldepth_45_Percent,abc,custom,0,2,"Sample Page",http://localhost:10004/sample-page/,def
302,"13.10.2022 22:21:13",Scrolldepth_45_Percent,abc,custom,0,2,"Sample Page",http://localhost:10004/sample-page/,def
303,"13.10.2022 22:21:13",Scrolldepth_45_Percent,abc,custom,0,2,"Sample Page",http://localhost:10004/sample-page/,def
304,"13.10.2022 22:21:13",Scrolldepth_45_Percent,abc,custom,0,2,"Sample Page",http://localhost:10004/sample-page/,def
305,"13.10.2022 22:21:13",Scrolldepth_45_Percent,abc,custom,0,2,"Sample Page",http://localhost:10004/sample-page/,def
306,"13.10.2022 22:21:13",Scrolldepth_45_Percent,abc,custom,0,2,"Sample Page",http://localhost:10004/sample-page/,def
307,"13.10.2022 22:21:13",Scrolldepth_45_Percent,abc,custom,0,2,"Sample Page",http://localhost:10004/sample-page/,def
308,"13.10.2022 22:21:13",Scrolldepth_45_Percent,abc,custom,0,2,"Sample Page",http://localhost:10004/sample-page/,def
309,"13.10.2022 22:21:13",Scrolldepth_45_Percent,abc,custom,0,2,"Sample Page",http://localhost:10004/sample-page/,def
310,"13.10.2022 22:21:13",Scrolldepth_45_Percent,abc,custom,0,2,"Sample Page",http://localhost:10004/sample-page/,def
311,"13.10.2022 22:21:13",Scrolldepth_45_Percent,abc,custom,0,2,"Sample Page",http://localhost:10004/sample-page/,def
312,"13.10.2022 22:21:13",Scrolldepth_45_Percent,abc,custom,0,2,"Sample Page",http://localhost:10004/sample-page/,def
313,"13.10.2022 22:21:13",Watchtime_5_Seconds,abc,custom,0,2,"Sample Page",http://localhost:10004/sample-page/,def
314,"13.10.2022 22:21:13",Scrolldepth_45_Percent,abc,custom,0,2,"Sample Page",http://localhost:10004/sample-page/,def
315,"13.10.2022 22:21:13",Scrolldepth_45_Percent,abc,custom,0,2,"Sample Page",http://localhost:10004/sample-page/,def
316,"13.10.2022 22:21:13",Scrolldepth_45_Percent,abc,custom,0,2,"Sample Page",http://localhost:10004/sample-page/,def
317,"13.10.2022 22:21:13",Scrolldepth_45_Percent,abc,custom,0,2,"Sample Page",http://localhost:10004/sample-page/,def
318,"13.10.2022 22:21:13",Scrolldepth_45_Percent,abc,custom,0,2,"Sample Page",http://localhost:10004/sample-page/,def
319,"13.10.2022 22:22:23",Scrolldepth_45_Percent,abc,custom,0,2,"Sample Page",http://localhost:10004/sample-page/,def
320,"13.10.2022 22:22:23",Watchtime_5_Seconds,abc,custom,0,2,"Sample Page",http://localhost:10004/sample-page/,def
321,"13.10.2022 22:23:08",Watchtime_5_Seconds,abc,custom,0,2,"Sample Page",http://localhost:10004/sample-page/,def
322,"13.10.2022 22:24:16",Watchtime_5_Seconds,,custom,0,2,"Sample Page",http://localhost:10004/sample-page/,
323,"13.10.2022 22:24:53",Watchtime_5_Seconds,,custom,0,2,"Sample Page",http://localhost:10004/sample-page/,
324,"13.10.2022 22:25:15",Watchtime_5_Seconds,,custom,0,2,"Sample Page",http://localhost:10004/sample-page/,
325,"13.10.2022 22:26:03",Watchtime_5_Seconds,,custom,0,2,"Sample Page",http://localhost:10004/sample-page/,
326,"13.10.2022 22:26:15",Watchtime_5_Seconds,,custom,0,2,"Sample Page",http://localhost:10004/sample-page/,
327,"13.10.2022 22:26:27",Watchtime_5_Seconds,,custom,0,2,"Sample Page",http://localhost:10004/sample-page/,
328,"13.10.2022 22:27:01",Watchtime_5_Seconds,,custom,0,2,"Sample Page",http://localhost:10004/sample-page/,
329,"13.10.2022 22:27:48",Watchtime_5_Seconds,,custom,0,2,"Sample Page",http://localhost:10004/sample-page/,
330,"13.10.2022 22:27:54",Watchtime_5_Seconds,,custom,0,2,"Sample Page",http://localhost:10004/sample-page/,
331,"13.10.2022 22:28:18",Watchtime_5_Seconds,,custom,0,2,"Sample Page",http://localhost:10004/sample-page/,
332,"13.10.2022 22:29:13",Watchtime_5_Seconds,,custom,0,2,"Sample Page",http://localhost:10004/sample-page/,
333,"13.10.2022 22:29:21",Watchtime_5_Seconds,,custom,0,2,"Sample Page",http://localhost:10004/sample-page/,
334,"13.10.2022 22:29:29",Watchtime_5_Seconds,,custom,0,2,"Sample Page",http://localhost:10004/sample-page/,
335,"13.10.2022 22:29:42",Watchtime_5_Seconds,,custom,0,2,"Sample Page",http://localhost:10004/sample-page/,
336,"13.10.2022 22:30:02",Watchtime_5_Seconds,,custom,0,2,"Sample Page",http://localhost:10004/sample-page/,
337,"13.10.2022 22:30:08",Watchtime_5_Seconds,,custom,0,2,"Sample Page",http://localhost:10004/sample-page/,
338,"13.10.2022 22:31:42",Watchtime_5_Seconds,,custom,0,2,"Sample Page",http://localhost:10004/sample-page/,
339,"13.10.2022 22:32:30",Watchtime_5_Seconds,,custom,0,2,"Sample Page",http://localhost:10004/sample-page/,
340,"13.10.2022 22:32:50",Watchtime_5_Seconds,,custom,0,2,"Sample Page",http://localhost:10004/sample-page/,
341,"13.10.2022 22:33:55",Watchtime_5_Seconds,,custom,0,2,"Sample Page",http://localhost:10004/sample-page/,
342,"13.10.2022 22:34:17",Watchtime_5_Seconds,,custom,0,2,"Sample Page",http://localhost:10004/sample-page/,
343,"13.10.2022 22:36:07",Watchtime_5_Seconds,,custom,0,2,"Sample Page",http://localhost:10004/sample-page/,
344,"13.10.2022 22:37:13",Watchtime_5_Seconds,,custom,0,2,"Sample Page",http://localhost:10004/sample-page/,
345,"13.10.2022 22:38:45",Watchtime_5_Seconds,,custom,0,2,"Sample Page",http://localhost:10004/sample-page/,
346,"13.10.2022 22:40:24",Watchtime_5_Seconds,,custom,0,2,"Sample Page",http://localhost:10004/sample-page/,
347,"13.10.2022 22:40:39",Watchtime_5_Seconds,,custom,0,2,"Sample Page",http://localhost:10004/sample-page/,
348,"13.10.2022 22:43:01",Watchtime_5_Seconds,,custom,0,2,"Sample Page",http://localhost:10004/sample-page/,
349,"13.10.2022 22:43:10",Watchtime_5_Seconds,,custom,0,2,"Sample Page",http://localhost:10004/sample-page/,
350,"13.10.2022 22:44:45",Watchtime_5_Seconds,,custom,0,2,"Sample Page",http://localhost:10004/sample-page/,
351,"13.10.2022 22:45:24",Watchtime_5_Seconds,,custom,0,2,"Sample Page",http://localhost:10004/sample-page/,
352,"13.10.2022 22:45:24",ButtonClick_testing,,custom,0,2,"Sample Page",http://localhost:10004/sample-page/,
353,"13.10.2022 22:46:10",Watchtime_5_Seconds,,custom,0,2,"Sample Page",http://localhost:10004/sample-page/,
354,"13.10.2022 22:46:25",ButtonClick_testing,,custom,0,2,"Sample Page",http://localhost:10004/sample-page/,
355,"13.10.2022 22:46:25",Watchtime_5_Seconds,,custom,0,2,"Sample Page",http://localhost:10004/sample-page/,
356,"13.10.2022 22:47:16",ButtonClick_testing,,custom,0,2,"Sample Page",http://localhost:10004/sample-page/,
357,"13.10.2022 22:47:16",Watchtime_5_Seconds,,custom,0,2,"Sample Page",http://localhost:10004/sample-page/,
358,"13.10.2022 22:47:16",Scrolldepth_45_Percent,,custom,0,2,"Sample Page",http://localhost:10004/sample-page/,
359,"13.10.2022 22:47:38",Scrolldepth_45_Percent,,custom,0,2,"Sample Page",http://localhost:10004/sample-page/,
360,"13.10.2022 22:47:38",Watchtime_5_Seconds,,custom,0,2,"Sample Page",http://localhost:10004/sample-page/,
361,"13.10.2022 22:47:38",ButtonClick_testing,,custom,0,2,"Sample Page",http://localhost:10004/sample-page/,
362,"13.10.2022 22:49:11",Watchtime_5_Seconds,,custom,0,2,"Sample Page",http://localhost:10004/sample-page/,
363,"13.10.2022 22:49:38",Watchtime_5_Seconds,,custom,0,2,"Sample Page",http://localhost:10004/sample-page/,
364,"13.10.2022 22:50:00",page_view,,custom,0,2,"Sample Page",http://localhost:10004/sample-page/,
365,"13.10.2022 22:50:00",Watchtime_5_Seconds,,custom,0,2,"Sample Page",http://localhost:10004/sample-page/,
366,"13.10.2022 23:02:11",page_view,,custom,0,2,"Sample Page",http://localhost:10004/sample-page/,
367,"13.10.2022 23:02:11",Watchtime_5_Seconds,,custom,0,2,"Sample Page",http://localhost:10004/sample-page/,
368,"13.10.2022 23:02:57",page_view,,custom,0,2,"Sample Page",http://localhost:10004/sample-page/,
369,"13.10.2022 23:02:57",Watchtime_5_Seconds,,custom,0,2,"Sample Page",http://localhost:10004/sample-page/,
370,"13.10.2022 23:03:15",page_view,,custom,0,2,"Sample Page",http://localhost:10004/sample-page/,
371,"13.10.2022 23:03:15",Watchtime_5_Seconds,,custom,0,2,"Sample Page",http://localhost:10004/sample-page/,
372,"13.10.2022 23:12:13",page_view,,custom,0,2,"Sample Page",http://localhost:10004/sample-page/,
373,"13.10.2022 23:12:13",Watchtime_5_Seconds,,custom,0,2,"Sample Page",http://localhost:10004/sample-page/,
374,"13.10.2022 23:12:13",Scrolldepth_45_Percent,,custom,0,2,"Sample Page",http://localhost:10004/sample-page/,
375,"13.10.2022 23:12:44",page_view,,custom,0,2,"Sample Page",http://localhost:10004/sample-page/,
376,"13.10.2022 23:12:44",Watchtime_5_Seconds,,custom,0,2,"Sample Page",http://localhost:10004/sample-page/,
377,"13.10.2022 23:13:14",page_view,,custom,0,2,"Sample Page",http://localhost:10004/sample-page/,
378,"13.10.2022 23:13:14",Watchtime_5_Seconds,,custom,0,2,"Sample Page",http://localhost:10004/sample-page/,
379,"13.10.2022 23:13:27",page_view,,custom,0,2,"Sample Page",http://localhost:10004/sample-page/,
380,"13.10.2022 23:13:27",Watchtime_5_Seconds,,custom,0,2,"Sample Page",http://localhost:10004/sample-page/,
381,"13.10.2022 23:13:38",page_view,,custom,0,2,"Sample Page",http://localhost:10004/sample-page/,
382,"13.10.2022 23:13:38",Watchtime_5_Seconds,,custom,0,2,"Sample Page",http://localhost:10004/sample-page/,
383,"13.10.2022 23:14:26",page_view,,custom,0,2,"Sample Page",http://localhost:10004/sample-page/,
384,"13.10.2022 23:14:26",Watchtime_5_Seconds,,custom,0,2,"Sample Page",http://localhost:10004/sample-page/,
385,"13.10.2022 23:15:18",page_view,,custom,0,2,"Sample Page",http://localhost:10004/sample-page/,
386,"13.10.2022 23:15:18",Watchtime_5_Seconds,,custom,0,2,"Sample Page",http://localhost:10004/sample-page/,
387,"13.10.2022 23:16:00",page_view,,custom,0,2,"Sample Page",http://localhost:10004/sample-page/,
388,"13.10.2022 23:16:00",Watchtime_5_Seconds,,custom,0,2,"Sample Page",http://localhost:10004/sample-page/,
389,"13.10.2022 23:16:15",page_view,,custom,0,2,"Sample Page",http://localhost:10004/sample-page/,
390,"13.10.2022 23:16:15",Watchtime_5_Seconds,,custom,0,2,"Sample Page",http://localhost:10004/sample-page/,
391,"13.10.2022 23:16:39",page_view,,custom,0,2,"Sample Page",http://localhost:10004/sample-page/,
392,"13.10.2022 23:16:39",Watchtime_5_Seconds,,custom,0,2,"Sample Page",http://localhost:10004/sample-page/,
393,"13.10.2022 23:17:07",page_view,,custom,0,2,"Sample Page",http://localhost:10004/sample-page/,
394,"13.10.2022 23:17:07",Watchtime_5_Seconds,,custom,0,2,"Sample Page",http://localhost:10004/sample-page/,
395,"13.10.2022 23:17:24",page_view,,custom,0,2,"Sample Page",http://localhost:10004/sample-page/,
396,"13.10.2022 23:17:24",Watchtime_5_Seconds,,custom,0,2,"Sample Page",http://localhost:10004/sample-page/,
397,"13.10.2022 23:17:38",page_view,,custom,0,2,"Sample Page",http://localhost:10004/sample-page/,
398,"13.10.2022 23:17:38",Watchtime_5_Seconds,,custom,0,2,"Sample Page",http://localhost:10004/sample-page/,
399,"13.10.2022 23:17:58",page_view,,custom,0,2,"Sample Page",http://localhost:10004/sample-page/,
400,"13.10.2022 23:17:58",Watchtime_5_Seconds,,custom,0,2,"Sample Page",http://localhost:10004/sample-page/,
401,"13.10.2022 23:18:07",page_view,,custom,0,2,"Sample Page",http://localhost:10004/sample-page/,
402,"13.10.2022 23:18:07",Watchtime_5_Seconds,,custom,0,2,"Sample Page",http://localhost:10004/sample-page/,
403,"13.10.2022 23:18:19",page_view,,custom,0,2,"Sample Page",http://localhost:10004/sample-page/,
404,"13.10.2022 23:18:19",Watchtime_5_Seconds,,custom,0,2,"Sample Page",http://localhost:10004/sample-page/,
405,"13.10.2022 23:18:29",page_view,,custom,0,2,"Sample Page",http://localhost:10004/sample-page/,
406,"13.10.2022 23:18:29",Watchtime_5_Seconds,,custom,0,2,"Sample Page",http://localhost:10004/sample-page/,
407,"13.10.2022 23:18:58",page_view,,custom,0,2,"Sample Page",http://localhost:10004/sample-page/,
408,"13.10.2022 23:18:58",Watchtime_5_Seconds,,custom,0,2,"Sample Page",http://localhost:10004/sample-page/,
409,"13.10.2022 23:22:34",page_view,,custom,0,2,"Sample Page",http://localhost:10004/sample-page/,
410,"13.10.2022 23:22:34",Watchtime_5_Seconds,,custom,0,2,"Sample Page",http://localhost:10004/sample-page/,
411,"13.10.2022 23:23:19",page_view,,custom,0,2,"Sample Page",http://localhost:10004/sample-page/,
412,"13.10.2022 23:23:19",Watchtime_5_Seconds,,custom,0,2,"Sample Page",http://localhost:10004/sample-page/,
413,"13.10.2022 23:23:31",page_view,,custom,0,2,"Sample Page",http://localhost:10004/sample-page/,
414,"13.10.2022 23:23:31",Watchtime_5_Seconds,,custom,0,2,"Sample Page",http://localhost:10004/sample-page/,
415,"13.10.2022 23:24:51",page_view,,custom,0,2,"Sample Page",http://localhost:10004/sample-page/,
416,"13.10.2022 23:24:51",Scrolldepth_45_Percent,,custom,0,2,"Sample Page",http://localhost:10004/sample-page/,
417,"13.10.2022 23:24:51",Watchtime_5_Seconds,,custom,0,2,"Sample Page",http://localhost:10004/sample-page/,
418,"13.10.2022 23:25:41",page_view,,custom,0,2,"Sample Page",http://localhost:10004/sample-page/,
419,"13.10.2022 23:25:41",Watchtime_5_Seconds,,custom,0,2,"Sample Page",http://localhost:10004/sample-page/,
420,"13.10.2022 23:25:41",Scrolldepth_45_Percent,,custom,0,2,"Sample Page",http://localhost:10004/sample-page/,
421,"13.10.2022 23:26:10",page_view,,custom,0,2,"Sample Page",http://localhost:10004/sample-page/,
422,"13.10.2022 23:26:10",Scrolldepth_45_Percent,,custom,0,2,"Sample Page",http://localhost:10004/sample-page/,
423,"13.10.2022 23:26:10",Watchtime_5_Seconds,,custom,0,2,"Sample Page",http://localhost:10004/sample-page/,
